brand,model,vehicleType,gearbox,fuelType,notRepairedDamage,powerPS,kilometer,autoAgeMonths,price
volkswagen,golf,kleinwagen,manuell,benzin,nein,75,150000,177,1500
skoda,fabia,kleinwagen,manuell,diesel,nein,69,90000,93,3600
bmw,3er,limousine,manuell,benzin,ja,102,150000,246,650
peugeot,2_reihe,cabrio,manuell,benzin,nein,109,150000,140,2200
mazda,3_reihe,limousine,manuell,benzin,nein,105,150000,136,2000
volkswagen,passat,kombi,manuell,diesel,ja,140,150000,124,2799
nissan,navara,suv,manuell,diesel,nein,190,70000,61,17999
renault,twingo,kleinwagen,automatik,benzin,nein,75,150000,146,1750
ford,c_max,bus,manuell,diesel,nein,136,150000,106,7550
mercedes_benz,a_klasse,bus,manuell,benzin,nein,102,150000,147,1850
volkswagen,scirocco,coupe,manuell,benzin,nein,160,100000,84,10400
bmw,5er,limousine,automatik,benzin,nein,231,150000,165,3699
mercedes_benz,andere,limousine,manuell,benzin,ja,118,150000,305,500
bmw,5er,kombi,automatik,diesel,ja,193,150000,162,2500
honda,civic,limousine,manuell,benzin,nein,99,60000,88,6900
fiat,punto,kleinwagen,manuell,benzin,nein,60,150000,156,690
mercedes_benz,e_klasse,limousine,automatik,diesel,nein,113,150000,255,3300
bmw,3er,limousine,automatik,benzin,nein,218,20000,107,18000
mercedes_benz,e_klasse,limousine,automatik,diesel,nein,122,150000,136,3500
volkswagen,andere,andere,manuell,diesel,nein,129,150000,161,11900
mercedes_benz,andere,bus,manuell,diesel,nein,70,150000,379,1500
mini,one,limousine,manuell,benzin,nein,95,100000,103,6990
renault,clio,kleinwagen,manuell,benzin,nein,75,125000,199,590
bmw,1er,limousine,manuell,diesel,nein,177,150000,103,7999
bmw,5er,kombi,automatik,benzin,nein,193,150000,218,2100
mercedes_benz,b_klasse,bus,automatik,diesel,nein,109,150000,45,13500
bmw,andere,coupe,automatik,benzin,nein,306,30000,21,39600
smart,fortwo,cabrio,automatik,benzin,nein,61,80000,122,3000
volkswagen,golf,limousine,manuell,benzin,nein,101,150000,210,1000
audi,a8,limousine,automatik,diesel,ja,232,150000,145,7499
skoda,fabia,kleinwagen,manuell,benzin,nein,60,70000,72,5500
volkswagen,jetta,limousine,automatik,diesel,nein,105,100000,113,7000
bmw,3er,cabrio,manuell,benzin,nein,218,50000,103,14999
volkswagen,scirocco,coupe,manuell,benzin,nein,160,150000,92,9700
mercedes_benz,c_klasse,kombi,manuell,benzin,nein,156,150000,89,7999
volkswagen,golf,limousine,manuell,diesel,nein,105,150000,113,6600
nissan,micra,kleinwagen,manuell,benzin,nein,80,40000,36,7999
mercedes_benz,vito,andere,manuell,diesel,nein,82,150000,151,1400
mercedes_benz,sprinter,bus,manuell,diesel,nein,109,150000,119,5000
mercedes_benz,e_klasse,limousine,automatik,diesel,nein,204,80000,64,20300
alfa_romeo,156,kombi,manuell,benzin,ja,155,150000,196,250
ford,escort,limousine,manuell,benzin,ja,75,100000,262,600
mercedes_benz,c_klasse,kombi,manuell,diesel,ja,150,150000,126,3300
subaru,forester,kombi,automatik,benzin,nein,122,150000,221,1600
mitsubishi,andere,bus,manuell,diesel,nein,87,150000,176,1800
ford,fiesta,kleinwagen,manuell,benzin,nein,82,60000,76,6800
renault,scenic,bus,manuell,benzin,nein,113,150000,135,2990
mercedes_benz,e_klasse,limousine,manuell,diesel,nein,113,150000,252,1
audi,a1,kleinwagen,manuell,benzin,nein,86,60000,36,14500
volkswagen,passat,limousine,manuell,diesel,nein,131,150000,155,3850
bmw,3er,limousine,automatik,diesel,nein,143,40000,34,23490
mercedes_benz,a_klasse,kleinwagen,automatik,benzin,nein,102,125000,197,1700
ford,focus,kombi,manuell,diesel,nein,109,150000,114,1500
hyundai,andere,coupe,automatik,benzin,nein,303,50000,48,22999
mercedes_benz,c_klasse,kombi,manuell,diesel,nein,125,150000,200,900
audi,tt,coupe,manuell,benzin,ja,224,150000,199,3399
volkswagen,passat,kombi,manuell,benzin,nein,101,150000,221,1300
bmw,5er,limousine,automatik,diesel,nein,235,100000,84,7300
opel,astra,cabrio,manuell,benzin,nein,200,125000,115,8599
audi,a6,kombi,automatik,diesel,nein,178,150000,135,5900
volkswagen,golf,limousine,manuell,benzin,nein,265,150000,169,6300
volkswagen,andere,coupe,manuell,benzin,nein,160,150000,299,3500
bmw,3er,limousine,manuell,diesel,ja,163,150000,122,5950
honda,jazz,kleinwagen,manuell,benzin,nein,77,150000,152,1699
volkswagen,transporter,bus,manuell,benzin,nein,110,150000,235,4699
volkswagen,polo,kleinwagen,manuell,benzin,nein,86,40000,70,9290
mercedes_benz,slk,limousine,manuell,benzin,nein,120,150000,154,7000
renault,twingo,kleinwagen,manuell,benzin,nein,60,150000,191,1199
ford,focus,limousine,manuell,benzin,nein,75,125000,170,1750
volkswagen,golf,limousine,manuell,benzin,nein,54,150000,314,1000
bmw,7er,limousine,automatik,benzin,ja,286,150000,243,1800
opel,combo,bus,manuell,diesel,nein,75,150000,156,1100
mercedes_benz,e_klasse,kombi,automatik,diesel,nein,170,150000,182,2990
volkswagen,passat,kombi,manuell,diesel,nein,131,150000,172,2750
skoda,fabia,kombi,manuell,diesel,nein,75,100000,47,6990
audi,80,cabrio,manuell,benzin,nein,116,150000,238,4800
mercedes_benz,c_klasse,limousine,automatik,diesel,nein,170,125000,107,14499
alfa_romeo,147,limousine,manuell,diesel,nein,120,150000,108,3450
bmw,5er,kombi,automatik,diesel,nein,184,150000,185,3550
ford,c_max,bus,manuell,diesel,nein,109,125000,66,8250
renault,clio,kleinwagen,manuell,benzin,nein,54,150000,208,800
mercedes_benz,glk,suv,automatik,diesel,nein,204,40000,19,41900
bmw,3er,kombi,automatik,diesel,nein,204,150000,159,4200
volkswagen,golf,kleinwagen,manuell,benzin,nein,75,150000,241,1000
peugeot,3_reihe,limousine,manuell,benzin,ja,88,150000,138,800
mercedes_benz,c_klasse,limousine,manuell,benzin,nein,160,150000,190,2300
audi,a6,kombi,automatik,diesel,nein,163,150000,153,4000
bmw,z_reihe,cabrio,manuell,benzin,nein,170,150000,136,9450
mercedes_benz,c_klasse,limousine,manuell,diesel,nein,170,125000,158,6890
volkswagen,golf,limousine,manuell,benzin,nein,69,125000,317,850
volkswagen,transporter,bus,manuell,diesel,nein,131,150000,100,8500
honda,civic,limousine,manuell,benzin,nein,75,125000,185,1500
seat,ibiza,kleinwagen,manuell,benzin,nein,64,80000,146,3200
ford,c_max,bus,manuell,diesel,nein,116,150000,60,11890
bmw,3er,coupe,automatik,benzin,nein,170,150000,193,2900
ford,mustang,cabrio,manuell,benzin,nein,305,50000,116,19750
volkswagen,eos,cabrio,manuell,benzin,nein,150,60000,113,9800
ford,fiesta,kleinwagen,manuell,benzin,nein,80,125000,155,1990
mercedes_benz,vito,bus,automatik,diesel,nein,150,150000,118,10500
opel,astra,limousine,manuell,diesel,nein,131,70000,49,11000
mercedes_benz,e_klasse,kombi,automatik,diesel,nein,197,150000,191,2390
skoda,fabia,kombi,automatik,benzin,nein,110,10000,8,16449
audi,a4,limousine,manuell,benzin,nein,120,60000,59,14300
volkswagen,polo,kleinwagen,manuell,benzin,nein,80,125000,83,5999
audi,a6,kombi,automatik,diesel,nein,179,150000,148,3700
volkswagen,touran,bus,manuell,diesel,nein,105,90000,109,8999
ford,mustang,coupe,automatik,benzin,nein,305,90000,569,25000
audi,80,limousine,manuell,benzin,nein,90,80000,289,2790
bmw,3er,limousine,manuell,benzin,nein,170,100000,88,13400
volkswagen,golf,bus,manuell,benzin,ja,102,150000,116,4900
volkswagen,golf,limousine,automatik,benzin,nein,250,150000,115,11299
volkswagen,golf,andere,manuell,benzin,nein,75,150000,226,550
hyundai,getz,kleinwagen,manuell,diesel,ja,88,150000,117,1400
opel,insignia,kombi,manuell,diesel,nein,131,150000,52,9500
volkswagen,golf,kombi,manuell,diesel,nein,90,150000,204,1800
bmw,5er,kombi,automatik,diesel,nein,231,150000,113,11000
renault,megane,cabrio,manuell,benzin,nein,163,100000,123,6900
audi,a6,kombi,automatik,diesel,nein,179,150000,92,12999
bmw,5er,kombi,automatik,diesel,nein,313,150000,52,18400
volkswagen,andere,limousine,manuell,benzin,nein,75,150000,246,999
audi,a3,kombi,automatik,diesel,nein,140,150000,79,12899
bmw,3er,limousine,manuell,diesel,nein,143,150000,71,10500
volkswagen,golf,limousine,manuell,benzin,nein,80,50000,73,8500
bmw,1er,limousine,manuell,benzin,nein,265,150000,102,14900
volkswagen,golf,kleinwagen,manuell,benzin,nein,75,150000,264,500
audi,a3,limousine,manuell,benzin,nein,125,150000,234,1250
volkswagen,polo,kleinwagen,manuell,benzin,nein,54,125000,282,370
renault,r19,limousine,manuell,benzin,nein,88,150000,276,350
bmw,3er,coupe,manuell,diesel,nein,197,150000,107,8600
volkswagen,golf,cabrio,manuell,benzin,nein,98,150000,301,2222
bmw,3er,limousine,automatik,benzin,nein,218,150000,125,11800
ford,c_max,bus,manuell,diesel,ja,115,125000,94,4000
peugeot,2_reihe,kleinwagen,manuell,benzin,nein,75,150000,200,1450
volkswagen,golf,limousine,manuell,benzin,ja,75,100000,138,2800
mercedes_benz,c_klasse,kombi,manuell,diesel,nein,122,150000,138,5499
bmw,3er,limousine,manuell,benzin,nein,170,150000,191,5500
audi,a4,kombi,manuell,diesel,nein,150,50000,32,22290
lancia,andere,bus,manuell,diesel,nein,109,150000,148,1440
renault,clio,kleinwagen,manuell,benzin,nein,75,150000,192,1150
volkswagen,golf,limousine,manuell,diesel,nein,170,90000,60,15700
bmw,3er,coupe,manuell,benzin,nein,102,150000,247,899
bmw,3er,kombi,manuell,benzin,nein,150,150000,123,9200
mercedes_benz,sprinter,bus,manuell,diesel,nein,130,150000,183,3350
renault,clio,kleinwagen,manuell,benzin,ja,75,125000,118,2700
mazda,andere,bus,automatik,benzin,ja,114,150000,179,800
audi,a6,limousine,automatik,diesel,nein,140,150000,90,9800
volkswagen,golf,limousine,automatik,benzin,ja,211,60000,40,14700
mitsubishi,colt,limousine,manuell,benzin,nein,75,70000,253,895
volkswagen,polo,kleinwagen,manuell,benzin,nein,54,150000,251,950
bmw,5er,limousine,automatik,lpg,nein,286,150000,170,6799
opel,corsa,kleinwagen,manuell,benzin,nein,56,150000,199,500
volkswagen,polo,kleinwagen,automatik,benzin,nein,90,30000,41,11919
porsche,andere,coupe,manuell,benzin,nein,265,125000,82,25900
audi,a1,kleinwagen,manuell,diesel,nein,105,125000,63,10800
opel,vectra,limousine,manuell,benzin,nein,101,150000,170,650
bmw,3er,kombi,manuell,benzin,ja,118,150000,186,800
volkswagen,lupo,kleinwagen,manuell,diesel,nein,75,150000,179,1690
citroen,berlingo,bus,manuell,diesel,nein,75,80000,86,4850
volkswagen,passat,kombi,manuell,diesel,nein,140,150000,100,4500
volkswagen,passat,kombi,manuell,benzin,nein,131,150000,156,3900
volkswagen,transporter,bus,automatik,diesel,nein,140,80000,30,26999
volkswagen,passat,kombi,manuell,benzin,nein,101,150000,192,750
bmw,7er,limousine,automatik,diesel,nein,184,150000,198,5900
audi,a6,limousine,automatik,diesel,nein,326,5000,9,56900
volkswagen,golf,limousine,manuell,benzin,nein,116,150000,191,1100
mercedes_benz,andere,coupe,automatik,diesel,nein,265,80000,18,48000
renault,clio,kleinwagen,manuell,benzin,nein,201,70000,81,8400
audi,80,limousine,manuell,benzin,nein,90,70000,309,1
volkswagen,golf,limousine,manuell,benzin,ja,75,150000,215,800
mercedes_benz,m_klasse,suv,automatik,diesel,nein,224,150000,76,27500
volkswagen,touran,bus,manuell,benzin,nein,140,70000,85,14950
bmw,z_reihe,cabrio,manuell,benzin,nein,170,70000,142,14900
bmw,5er,limousine,automatik,benzin,nein,235,150000,214,2950
volkswagen,tiguan,suv,manuell,diesel,nein,101,150000,56,12000
mercedes_benz,c_klasse,kombi,automatik,diesel,nein,150,150000,173,2500
mitsubishi,andere,coupe,manuell,benzin,nein,286,150000,252,6000
ford,fiesta,kleinwagen,manuell,diesel,nein,95,60000,51,8950
ford,mustang,coupe,automatik,benzin,nein,213,80000,80,18700
volkswagen,passat,coupe,automatik,diesel,nein,140,125000,75,11550
bmw,3er,limousine,manuell,benzin,nein,102,150000,318,2400
volkswagen,tiguan,suv,manuell,benzin,nein,150,30000,60,16150
audi,tt,coupe,manuell,benzin,nein,179,150000,193,3000
volkswagen,golf,limousine,manuell,diesel,nein,90,150000,138,5500
mazda,6_reihe,limousine,manuell,diesel,nein,122,5000,141,2000
renault,megane,limousine,manuell,benzin,ja,107,150000,189,890
mitsubishi,andere,bus,manuell,diesel,nein,69,150000,235,2899
volkswagen,golf,limousine,manuell,benzin,nein,75,80000,136,4800
peugeot,3_reihe,limousine,manuell,benzin,nein,174,90000,91,6799
opel,astra,limousine,manuell,benzin,nein,125,150000,141,2650
renault,clio,kleinwagen,manuell,benzin,nein,107,150000,202,1000
audi,a3,coupe,manuell,benzin,ja,125,150000,231,800
audi,a4,cabrio,manuell,benzin,nein,220,150000,168,5299
mercedes_benz,e_klasse,limousine,manuell,diesel,nein,150,150000,168,7150
citroen,c4,coupe,manuell,benzin,nein,88,150000,118,2300
volkswagen,golf,bus,manuell,diesel,nein,140,150000,116,5500
fiat,panda,kleinwagen,manuell,benzin,nein,54,125000,224,4400
audi,a3,limousine,manuell,diesel,nein,140,150000,90,7950
bmw,z_reihe,coupe,manuell,benzin,nein,265,150000,109,16500
bmw,z_reihe,cabrio,automatik,benzin,nein,170,150000,138,8100
volkswagen,up,kleinwagen,automatik,benzin,nein,75,60000,33,9750
mazda,3_reihe,limousine,manuell,diesel,nein,185,150000,83,7700
smart,fortwo,kleinwagen,automatik,benzin,nein,54,125000,196,1195
renault,clio,kombi,manuell,benzin,nein,73,30000,23,9790
renault,clio,kleinwagen,manuell,benzin,nein,54,90000,200,1849
volkswagen,transporter,kombi,manuell,diesel,ja,77,150000,297,650
toyota,andere,coupe,manuell,benzin,nein,170,150000,210,2600
mercedes_benz,andere,kombi,manuell,diesel,nein,170,150000,93,11700
renault,scenic,bus,manuell,benzin,ja,90,150000,213,600
hyundai,i_reihe,kombi,manuell,benzin,nein,109,150000,79,4950
bmw,3er,cabrio,manuell,benzin,nein,150,150000,121,8499
volkswagen,golf,limousine,manuell,benzin,nein,101,150000,201,1700
kia,ceed,limousine,manuell,benzin,nein,90,100000,74,5750
renault,kangoo,bus,manuell,benzin,ja,75,150000,172,600
bmw,5er,limousine,automatik,benzin,nein,170,150000,147,8700
mercedes_benz,c_klasse,kombi,automatik,diesel,nein,125,150000,206,1200
mazda,5_reihe,bus,manuell,diesel,nein,116,20000,17,18880
bmw,5er,kombi,automatik,diesel,nein,177,150000,93,11200
seat,ibiza,kleinwagen,manuell,benzin,nein,75,125000,158,3900
bmw,1er,limousine,manuell,diesel,nein,143,80000,64,13849
skoda,yeti,suv,manuell,benzin,nein,105,40000,37,13200
skoda,fabia,kombi,manuell,benzin,nein,101,125000,176,2500
skoda,fabia,kleinwagen,manuell,benzin,nein,54,150000,120,2550
skoda,octavia,kombi,manuell,lpg,nein,102,150000,112,3900
bmw,3er,limousine,manuell,benzin,nein,231,150000,172,2450
volkswagen,passat,kombi,manuell,diesel,nein,90,150000,207,750
opel,zafira,bus,automatik,benzin,nein,116,150000,200,1799
seat,mii,kleinwagen,manuell,benzin,nein,75,60000,40,8150
mazda,rx_reihe,coupe,manuell,benzin,nein,192,125000,140,3900
opel,corsa,kleinwagen,manuell,benzin,nein,90,20000,19,9999
ford,mondeo,kombi,manuell,diesel,nein,131,150000,172,500
volkswagen,golf,limousine,manuell,lpg,nein,66,150000,282,699
opel,astra,cabrio,manuell,benzin,nein,115,150000,265,999
bmw,6er,coupe,manuell,benzin,nein,218,150000,390,16500
ford,focus,limousine,manuell,andere,nein,125,125000,103,6500
fiat,punto,kleinwagen,manuell,benzin,nein,60,100000,190,1490
opel,astra,kombi,manuell,diesel,nein,110,150000,95,3200
audi,a6,kombi,manuell,diesel,nein,163,150000,156,3250
volkswagen,fox,kleinwagen,manuell,benzin,nein,54,70000,118,3400
renault,twingo,kleinwagen,manuell,benzin,nein,58,150000,167,1100
opel,vectra,limousine,manuell,diesel,nein,125,150000,168,1750
volkswagen,passat,kombi,automatik,diesel,nein,140,150000,112,3300
chevrolet,matiz,kleinwagen,manuell,benzin,ja,52,150000,130,1350
fiat,panda,kleinwagen,manuell,benzin,nein,69,80000,50,8250
volkswagen,beetle,kleinwagen,manuell,benzin,nein,115,150000,195,2500
audi,a6,kombi,automatik,diesel,nein,163,150000,145,3999
mercedes_benz,m_klasse,suv,automatik,lpg,nein,510,150000,108,21500
bmw,1er,limousine,manuell,benzin,nein,143,150000,102,7000
renault,andere,bus,manuell,diesel,nein,131,150000,129,2950
fiat,punto,kleinwagen,manuell,benzin,nein,60,60000,189,1100
opel,vectra,limousine,manuell,benzin,nein,147,125000,155,3600
volkswagen,golf,limousine,manuell,benzin,nein,80,125000,79,7750
bmw,5er,kombi,automatik,diesel,nein,150,150000,102,6880
volkswagen,golf,bus,automatik,diesel,nein,140,150000,93,5600
volkswagen,golf,limousine,automatik,benzin,nein,105,60000,41,10550
mercedes_benz,a_klasse,limousine,manuell,benzin,nein,122,40000,29,17500
seat,ibiza,kleinwagen,manuell,benzin,nein,60,150000,203,999
opel,astra,kombi,manuell,benzin,nein,115,150000,208,2000
audi,a4,limousine,manuell,benzin,nein,125,125000,201,2700
smart,fortwo,cabrio,automatik,benzin,nein,71,90000,73,5555
mercedes_benz,a_klasse,limousine,manuell,benzin,nein,95,70000,64,8450
ford,focus,limousine,manuell,benzin,nein,75,150000,191,680
peugeot,2_reihe,kleinwagen,manuell,benzin,nein,73,70000,77,4650
kia,rio,kleinwagen,manuell,benzin,nein,97,70000,105,4450
nissan,micra,kleinwagen,manuell,benzin,nein,65,80000,153,1999
opel,zafira,bus,manuell,diesel,nein,110,100000,60,9650
mercedes_benz,a_klasse,limousine,automatik,benzin,nein,82,125000,141,3850
volkswagen,touareg,suv,automatik,diesel,nein,239,150000,96,15500
seat,ibiza,kleinwagen,automatik,benzin,nein,179,50000,65,11500
dacia,logan,kombi,manuell,diesel,nein,68,150000,106,2800
mercedes_benz,e_klasse,limousine,automatik,benzin,nein,136,150000,290,1490
suzuki,andere,suv,manuell,benzin,nein,80,150000,287,1199
kia,andere,limousine,manuell,lpg,nein,203,150000,139,4000
renault,megane,kombi,manuell,diesel,nein,150,125000,115,6450
opel,corsa,kleinwagen,manuell,benzin,nein,75,150000,174,1690
volkswagen,passat,limousine,automatik,diesel,nein,150,150000,160,1750
mercedes_benz,a_klasse,limousine,automatik,benzin,nein,82,70000,180,2990
opel,omega,kombi,manuell,benzin,ja,144,150000,192,650
citroen,andere,andere,manuell,diesel,nein,120,150000,69,5500
citroen,andere,coupe,manuell,benzin,nein,75,150000,211,1299
mercedes_benz,c_klasse,kombi,automatik,benzin,nein,143,150000,136,7600
volkswagen,golf,kombi,automatik,benzin,nein,160,60000,72,13499
daihatsu,cuore,kleinwagen,manuell,benzin,nein,58,150000,108,1490
volkswagen,golf,limousine,manuell,benzin,nein,80,125000,105,5500
bmw,3er,limousine,manuell,benzin,nein,143,150000,156,2350
ford,s_max,bus,automatik,diesel,nein,140,150000,78,6350
mazda,andere,bus,manuell,benzin,nein,101,150000,196,750
opel,vectra,limousine,automatik,benzin,nein,101,150000,211,1500
audi,a4,limousine,manuell,benzin,nein,300,150000,157,8500
fiat,andere,kombi,manuell,benzin,nein,103,125000,181,850
mercedes_benz,a_klasse,limousine,manuell,benzin,nein,95,70000,78,6700
audi,a3,limousine,manuell,diesel,nein,150,50000,31,29980
opel,corsa,kleinwagen,manuell,benzin,nein,75,125000,154,2238
bmw,3er,coupe,manuell,benzin,nein,170,150000,220,3350
renault,modus,bus,manuell,diesel,nein,86,150000,130,2000
audi,a6,kombi,manuell,diesel,nein,140,100000,109,14500
audi,a2,kleinwagen,manuell,benzin,nein,75,150000,171,4199
seat,ibiza,kleinwagen,manuell,benzin,nein,85,30000,84,6999
volkswagen,polo,kleinwagen,manuell,benzin,nein,60,100000,88,4490
bmw,x_reihe,limousine,automatik,diesel,nein,245,40000,36,43900
audi,a5,cabrio,manuell,benzin,nein,160,90000,70,21950
mercedes_benz,e_klasse,kombi,automatik,diesel,nein,150,150000,145,8100
bmw,5er,kombi,manuell,benzin,nein,258,150000,118,12650
volkswagen,passat,kombi,manuell,benzin,nein,125,150000,225,2400
mercedes_benz,e_klasse,coupe,automatik,benzin,nein,292,125000,81,24900
volkswagen,golf,limousine,manuell,diesel,nein,90,150000,109,4300
audi,a4,kombi,manuell,diesel,nein,143,125000,90,10550
seat,ibiza,kleinwagen,manuell,benzin,nein,60,150000,245,200
audi,a6,limousine,manuell,benzin,nein,170,150000,75,11500
audi,a5,cabrio,automatik,diesel,nein,239,150000,84,20500
alfa_romeo,147,limousine,manuell,benzin,nein,105,150000,118,2990
mercedes_benz,c_klasse,kombi,manuell,diesel,nein,136,150000,91,9600
opel,astra,limousine,manuell,benzin,nein,75,100000,190,1700
peugeot,andere,andere,manuell,diesel,ja,98,150000,97,4760
ford,galaxy,bus,manuell,diesel,nein,140,80000,48,16500
audi,tt,coupe,manuell,benzin,nein,179,125000,205,5300
citroen,c3,kleinwagen,automatik,benzin,nein,109,100000,158,3555
mercedes_benz,viano,bus,manuell,diesel,nein,150,90000,83,19900
mercedes_benz,s_klasse,limousine,automatik,diesel,nein,320,150000,105,15200
bmw,3er,limousine,manuell,benzin,nein,130,150000,250,550
volkswagen,eos,cabrio,manuell,diesel,nein,140,150000,114,8700
fiat,panda,kleinwagen,manuell,benzin,nein,86,50000,50,6990
hyundai,getz,kleinwagen,manuell,benzin,nein,63,150000,120,1650
audi,a3,limousine,manuell,diesel,nein,170,150000,81,7900
volkswagen,golf,limousine,manuell,benzin,nein,86,20000,16,14650
bmw,3er,kombi,manuell,benzin,nein,143,150000,163,3299
ford,fiesta,kleinwagen,manuell,benzin,nein,81,40000,45,6500
peugeot,2_reihe,kleinwagen,manuell,benzin,ja,148,150000,161,600
volkswagen,golf,limousine,manuell,benzin,nein,102,125000,115,5800
opel,astra,kombi,manuell,benzin,nein,75,150000,205,1600
mercedes_benz,c_klasse,kombi,automatik,benzin,nein,156,30000,55,8000
audi,andere,coupe,automatik,diesel,nein,204,100000,64,27500
audi,a4,kombi,manuell,diesel,ja,170,150000,100,6500
citroen,andere,bus,manuell,diesel,nein,109,150000,143,2790
volkswagen,andere,kleinwagen,manuell,benzin,nein,54,125000,103,2390
bmw,3er,limousine,automatik,benzin,ja,170,125000,88,9900
ford,mondeo,kombi,manuell,benzin,nein,125,150000,174,1450
volkswagen,sharan,bus,manuell,diesel,nein,131,150000,147,3600
smart,fortwo,cabrio,automatik,benzin,nein,54,100000,190,2295
volkswagen,golf,limousine,manuell,benzin,nein,90,150000,297,950
volkswagen,passat,kombi,manuell,benzin,nein,101,150000,217,800
nissan,andere,suv,manuell,benzin,nein,116,125000,213,1250
toyota,avensis,kombi,manuell,benzin,nein,129,125000,119,3250
mercedes_benz,viano,bus,automatik,diesel,nein,204,150000,105,13500
bmw,3er,limousine,manuell,benzin,nein,170,150000,198,4999
volkswagen,tiguan,suv,manuell,benzin,nein,122,40000,39,18300
volkswagen,golf,kleinwagen,manuell,benzin,nein,75,150000,183,1000
mercedes_benz,sl,cabrio,manuell,benzin,nein,185,150000,418,36500
opel,corsa,kleinwagen,manuell,benzin,nein,75,125000,158,2700
skoda,roomster,bus,manuell,benzin,nein,69,60000,102,4990
bmw,3er,cabrio,manuell,lpg,nein,192,150000,180,6800
audi,a5,coupe,automatik,benzin,nein,354,60000,53,30900
renault,clio,kleinwagen,manuell,benzin,nein,75,80000,79,2999
mercedes_benz,andere,limousine,manuell,benzin,nein,97,150000,298,1500
mercedes_benz,sl,cabrio,automatik,benzin,ja,204,150000,420,6500
audi,q5,limousine,automatik,diesel,nein,239,125000,66,28900
peugeot,2_reihe,kleinwagen,manuell,benzin,nein,136,150000,142,1900
audi,a3,kombi,manuell,diesel,nein,140,150000,64,10490
audi,a4,kombi,automatik,diesel,nein,239,90000,54,28499
volkswagen,passat,limousine,manuell,lpg,nein,102,150000,156,3999
peugeot,2_reihe,kleinwagen,manuell,benzin,nein,60,150000,173,1350
mazda,6_reihe,limousine,manuell,benzin,nein,105,150000,264,600
opel,corsa,kleinwagen,manuell,diesel,ja,70,150000,123,800
opel,insignia,kombi,automatik,diesel,nein,160,150000,10,11500
mercedes_benz,vito,bus,manuell,diesel,nein,122,150000,187,5000
opel,corsa,kleinwagen,manuell,diesel,nein,69,150000,137,2400
hyundai,santa,suv,manuell,benzin,nein,145,150000,137,4800
volkswagen,fox,kleinwagen,manuell,benzin,nein,60,100000,58,3250
audi,a3,kombi,manuell,diesel,nein,170,150000,117,11800
mercedes_benz,e_klasse,kombi,automatik,diesel,nein,143,150000,194,3500
mercedes_benz,c_klasse,limousine,manuell,diesel,nein,136,150000,90,9499
volkswagen,passat,kombi,manuell,benzin,nein,125,150000,217,3500
volkswagen,lupo,kleinwagen,manuell,benzin,nein,60,100000,168,1999
bmw,5er,kombi,manuell,benzin,nein,150,150000,216,1500
mercedes_benz,c_klasse,limousine,automatik,benzin,ja,85,125000,246,400
volkswagen,touran,bus,manuell,diesel,nein,105,100000,59,12950
hyundai,getz,kleinwagen,manuell,benzin,nein,64,100000,99,2150
audi,tt,coupe,manuell,benzin,nein,180,150000,207,4999
mercedes_benz,c_klasse,kombi,automatik,benzin,nein,163,125000,180,5200
seat,leon,limousine,manuell,benzin,nein,280,125000,140,9099
mini,cooper,kleinwagen,manuell,benzin,nein,122,90000,111,8200
bmw,3er,coupe,manuell,benzin,ja,193,150000,251,2000
volkswagen,golf,kleinwagen,manuell,benzin,nein,75,150000,231,750
volkswagen,lupo,kleinwagen,manuell,benzin,nein,60,125000,172,1190
opel,zafira,bus,manuell,benzin,nein,101,150000,192,1200
mazda,6_reihe,limousine,manuell,benzin,nein,116,90000,166,3000
fiat,punto,kleinwagen,manuell,benzin,nein,60,150000,176,1150
bmw,5er,limousine,automatik,diesel,nein,231,150000,117,13980
ford,c_max,bus,manuell,diesel,nein,136,150000,123,6499
mercedes_benz,e_klasse,kombi,automatik,diesel,nein,190,150000,128,8850
volkswagen,sharan,bus,manuell,diesel,nein,115,150000,183,4000
ford,andere,bus,manuell,diesel,nein,90,150000,149,1990
volkswagen,golf,limousine,manuell,diesel,nein,140,150000,86,7199
bmw,3er,coupe,manuell,benzin,nein,116,150000,175,1999
kia,sportage,suv,manuell,diesel,nein,150,100000,66,9990
audi,a4,kombi,manuell,diesel,nein,190,150000,90,13800
renault,twingo,kleinwagen,automatik,benzin,nein,75,150000,154,2150
volkswagen,caddy,bus,manuell,diesel,nein,90,150000,210,2500
bmw,3er,kombi,manuell,diesel,nein,184,125000,60,15750
mercedes_benz,c_klasse,kombi,manuell,benzin,nein,122,150000,225,750
audi,a8,limousine,automatik,benzin,nein,260,150000,175,11800
volkswagen,transporter,bus,manuell,diesel,nein,60,150000,284,2700
opel,corsa,kleinwagen,manuell,diesel,nein,69,150000,119,1650
volkswagen,golf,kleinwagen,manuell,benzin,nein,75,150000,219,999
mercedes_benz,glk,suv,automatik,diesel,nein,224,90000,80,21500
audi,a4,limousine,automatik,diesel,nein,179,150000,105,11900
chrysler,andere,suv,automatik,benzin,ja,156,90000,82,2100
mini,cooper,kleinwagen,manuell,benzin,nein,116,150000,158,5350
bmw,3er,limousine,automatik,diesel,nein,177,125000,81,6000
mercedes_benz,c_klasse,limousine,automatik,benzin,nein,457,60000,44,41900
mercedes_benz,clk,coupe,automatik,benzin,nein,197,150000,166,5990
audi,a3,limousine,manuell,diesel,nein,140,150000,125,4499
volkswagen,golf,limousine,automatik,diesel,nein,104,150000,112,7800
nissan,primera,limousine,manuell,lpg,nein,116,150000,160,2900
peugeot,4_reihe,limousine,automatik,diesel,nein,136,150000,137,1999
ford,focus,kombi,manuell,diesel,nein,90,150000,205,1599
renault,espace,bus,manuell,benzin,nein,107,150000,263,750
opel,vectra,limousine,manuell,benzin,nein,116,80000,293,1000
kia,sportage,suv,manuell,benzin,nein,140,40000,78,10500
mercedes_benz,s_klasse,limousine,manuell,benzin,nein,140,80000,565,12000
opel,andere,suv,manuell,benzin,nein,136,150000,221,1698
volkswagen,golf,limousine,manuell,diesel,nein,90,150000,102,4500
renault,twingo,kleinwagen,manuell,benzin,nein,58,150000,160,1480
ford,galaxy,bus,manuell,diesel,nein,131,150000,95,8450
mercedes_benz,c_klasse,coupe,manuell,benzin,nein,143,150000,148,3700
ford,focus,kombi,automatik,diesel,nein,136,150000,93,5000
bmw,3er,coupe,manuell,benzin,nein,409,150000,108,21000
mercedes_benz,b_klasse,bus,manuell,benzin,nein,95,90000,120,7500
audi,a4,kombi,manuell,benzin,nein,160,90000,85,14750
opel,vectra,kombi,automatik,benzin,nein,147,150000,172,2250
seat,exeo,kombi,manuell,diesel,nein,120,40000,40,15500
bmw,3er,coupe,manuell,benzin,nein,170,150000,199,2300
mercedes_benz,s_klasse,limousine,automatik,benzin,nein,306,90000,160,12999
mercedes_benz,sl,cabrio,automatik,benzin,nein,231,50000,236,24800
volkswagen,transporter,bus,automatik,diesel,nein,131,150000,120,7800
peugeot,2_reihe,kleinwagen,manuell,benzin,nein,95,100000,84,6200
peugeot,2_reihe,kleinwagen,manuell,diesel,nein,68,100000,78,5300
renault,clio,kleinwagen,manuell,benzin,nein,58,90000,196,1800
volkswagen,polo,kleinwagen,manuell,benzin,nein,64,150000,129,2100
bmw,3er,kombi,manuell,benzin,nein,193,150000,202,1700
mercedes_benz,c_klasse,limousine,manuell,benzin,ja,122,150000,239,800
mercedes_benz,a_klasse,limousine,manuell,benzin,nein,95,60000,58,11850
dacia,logan,kombi,manuell,benzin,ja,75,150000,112,890
bmw,5er,kombi,automatik,benzin,nein,193,150000,213,750
volkswagen,touran,bus,manuell,diesel,nein,105,150000,144,4500
nissan,andere,suv,manuell,benzin,nein,120,150000,206,4000
volkswagen,polo,kleinwagen,manuell,benzin,nein,60,150000,205,950
seat,ibiza,limousine,manuell,diesel,nein,131,100000,157,5950
volkswagen,golf,limousine,manuell,diesel,nein,105,150000,117,2650
audi,a4,kombi,manuell,diesel,nein,265,150000,134,9500
mini,one,kleinwagen,manuell,benzin,nein,75,40000,40,9250
volkswagen,passat,kombi,manuell,benzin,nein,116,150000,234,850
mercedes_benz,e_klasse,limousine,automatik,diesel,nein,116,30000,170,2990
mercedes_benz,c_klasse,limousine,manuell,diesel,nein,170,90000,65,16000
volkswagen,golf,kleinwagen,manuell,benzin,ja,54,125000,288,499
bmw,5er,limousine,manuell,benzin,nein,170,150000,199,2500
volkswagen,golf,limousine,manuell,benzin,nein,75,150000,137,3499
mercedes_benz,a_klasse,limousine,automatik,benzin,nein,102,150000,154,1699
renault,clio,kleinwagen,manuell,benzin,nein,75,150000,123,2400
mercedes_benz,c_klasse,limousine,automatik,benzin,nein,122,150000,186,2999
bmw,5er,limousine,automatik,benzin,nein,333,150000,127,13800
ford,fiesta,kleinwagen,manuell,benzin,nein,88,100000,108,3450
smart,fortwo,coupe,automatik,benzin,nein,71,40000,38,7500
skoda,octavia,kombi,manuell,diesel,nein,105,80000,49,11000
nissan,micra,kleinwagen,manuell,benzin,nein,65,150000,146,2100
volkswagen,passat,kombi,manuell,diesel,nein,131,150000,169,3999
volkswagen,eos,cabrio,manuell,benzin,nein,150,80000,95,13900
bmw,3er,coupe,manuell,benzin,nein,105,150000,245,550
volkswagen,golf,kleinwagen,manuell,benzin,nein,75,125000,192,3200
volkswagen,scirocco,coupe,manuell,benzin,nein,122,80000,70,11540
peugeot,2_reihe,cabrio,manuell,benzin,nein,120,30000,47,13199
mercedes_benz,clk,cabrio,automatik,benzin,nein,163,40000,178,12790
mercedes_benz,c_klasse,limousine,manuell,benzin,nein,122,150000,256,600
ford,mondeo,kombi,manuell,benzin,nein,125,150000,179,2500
volkswagen,golf,kombi,manuell,benzin,nein,86,20000,11,13750
opel,corsa,kleinwagen,manuell,diesel,nein,75,80000,36,8200
ford,c_max,bus,manuell,diesel,nein,110,150000,137,3000
mercedes_benz,c_klasse,limousine,automatik,diesel,nein,170,100000,38,21999
audi,a6,kombi,automatik,diesel,nein,239,80000,62,24999
audi,a4,kombi,manuell,benzin,nein,150,150000,195,2350
volkswagen,transporter,bus,manuell,diesel,nein,114,40000,44,28300
volkswagen,golf,kombi,manuell,diesel,nein,105,50000,50,14900
audi,a3,limousine,manuell,diesel,nein,140,80000,74,12800
hyundai,getz,kleinwagen,manuell,benzin,nein,63,125000,137,1800
audi,a4,limousine,automatik,benzin,nein,163,150000,148,5500
bmw,3er,limousine,manuell,benzin,nein,102,150000,258,1800
ford,fiesta,kleinwagen,manuell,benzin,nein,80,30000,37,10490
mercedes_benz,vito,bus,manuell,diesel,ja,122,150000,191,3800
volkswagen,golf,limousine,manuell,benzin,nein,101,150000,213,1200
nissan,juke,kleinwagen,manuell,benzin,nein,117,60000,61,10999
audi,a1,kleinwagen,manuell,benzin,nein,86,30000,31,13900
audi,a4,limousine,manuell,lpg,nein,193,150000,229,2000
audi,tt,coupe,manuell,benzin,nein,224,150000,184,5600
volkswagen,golf,cabrio,manuell,benzin,nein,122,20000,46,18000
mercedes_benz,b_klasse,bus,manuell,benzin,nein,95,150000,109,5300
bmw,x_reihe,limousine,automatik,diesel,nein,218,150000,100,13500
bmw,3er,limousine,manuell,benzin,nein,105,150000,189,2850
chrysler,andere,cabrio,manuell,benzin,nein,141,150000,178,3850
peugeot,3_reihe,limousine,manuell,benzin,nein,120,70000,98,6490
volkswagen,golf,limousine,manuell,diesel,nein,105,150000,147,4550
seat,ibiza,kleinwagen,manuell,benzin,nein,75,150000,141,2250
skoda,fabia,kleinwagen,manuell,diesel,nein,105,70000,78,7490
renault,espace,bus,automatik,diesel,nein,178,150000,157,3250
volkswagen,passat,kombi,automatik,diesel,nein,90,150000,193,2500
opel,vectra,limousine,manuell,benzin,nein,116,150000,224,699
bmw,andere,cabrio,automatik,diesel,nein,313,60000,20,47999
volkswagen,transporter,bus,manuell,diesel,nein,109,150000,130,9500
audi,a4,limousine,automatik,diesel,nein,190,150000,100,12990
hyundai,andere,suv,manuell,diesel,nein,150,150000,151,2750
ford,galaxy,bus,automatik,diesel,nein,140,125000,59,15900
mercedes_benz,c_klasse,limousine,manuell,benzin,nein,156,100000,65,13499
volkswagen,golf,kombi,manuell,benzin,nein,75,125000,179,1300
audi,a3,kombi,manuell,benzin,nein,200,150000,128,7990
citroen,c4,limousine,manuell,benzin,nein,109,100000,121,4699
mercedes_benz,e_klasse,kombi,automatik,diesel,nein,170,150000,114,3500
volkswagen,golf,bus,manuell,benzin,nein,102,150000,104,5997
renault,scenic,bus,manuell,benzin,nein,113,150000,159,2200
volkswagen,golf,limousine,manuell,benzin,ja,75,150000,204,999
bmw,5er,kombi,manuell,benzin,ja,170,150000,221,1200
opel,corsa,coupe,manuell,benzin,nein,55,125000,228,180
volvo,v40,kombi,manuell,benzin,nein,115,150000,203,999
volkswagen,polo,kleinwagen,manuell,benzin,nein,75,150000,193,1200
volkswagen,touran,bus,manuell,lpg,nein,102,150000,116,5500
bmw,3er,cabrio,automatik,benzin,nein,193,150000,240,5250
audi,a3,limousine,manuell,diesel,nein,140,150000,95,9000
renault,clio,kleinwagen,manuell,benzin,nein,75,80000,78,4600
audi,a6,kombi,automatik,diesel,nein,150,150000,201,2500
renault,twingo,kleinwagen,automatik,benzin,ja,58,150000,135,200
volkswagen,golf,cabrio,automatik,benzin,nein,116,150000,200,2799
bmw,5er,kombi,manuell,diesel,nein,177,150000,92,9600
opel,zafira,andere,manuell,benzin,nein,101,150000,175,1600
fiat,punto,kleinwagen,manuell,benzin,nein,69,50000,48,5999
mercedes_benz,c_klasse,coupe,manuell,benzin,nein,122,125000,118,7600
bmw,3er,cabrio,manuell,benzin,nein,170,150000,176,7499
volkswagen,golf,limousine,manuell,benzin,nein,75,125000,233,1100
renault,andere,limousine,manuell,benzin,nein,136,100000,229,890
volkswagen,golf,limousine,manuell,benzin,nein,75,125000,248,1099
renault,megane,kombi,manuell,diesel,nein,131,150000,122,3999
volkswagen,polo,kleinwagen,manuell,benzin,nein,75,90000,171,2799
mercedes_benz,e_klasse,limousine,automatik,benzin,nein,132,150000,322,3299
bmw,3er,kombi,automatik,benzin,nein,193,150000,196,3999
ford,escort,limousine,manuell,benzin,nein,220,5000,569,34900
volkswagen,golf,limousine,manuell,benzin,nein,60,150000,222,650
opel,zafira,kombi,manuell,diesel,nein,165,30000,51,8800
mercedes_benz,e_klasse,limousine,automatik,benzin,nein,204,150000,217,2000
audi,andere,kombi,manuell,benzin,nein,265,100000,205,12800
bmw,3er,limousine,manuell,benzin,nein,170,150000,180,2700
opel,astra,coupe,manuell,benzin,nein,265,150000,180,6999
honda,accord,limousine,manuell,benzin,ja,155,150000,147,2190
audi,a4,cabrio,automatik,benzin,nein,170,150000,157,7450
opel,corsa,kleinwagen,manuell,diesel,nein,75,100000,166,1850
audi,a4,limousine,manuell,benzin,nein,163,125000,133,9450
ford,focus,kombi,manuell,diesel,nein,109,150000,103,2999
volkswagen,polo,kleinwagen,manuell,benzin,nein,80,100000,105,4800
volkswagen,golf,limousine,manuell,benzin,nein,75,150000,199,1670
toyota,corolla,kombi,manuell,benzin,ja,110,150000,153,1800
mini,one,kleinwagen,manuell,benzin,nein,90,150000,131,5299
jaguar,andere,limousine,automatik,benzin,nein,234,150000,302,3750
mercedes_benz,c_klasse,limousine,manuell,benzin,nein,163,100000,190,4200
skoda,octavia,kombi,manuell,benzin,nein,150,150000,93,8380
suzuki,grand,suv,manuell,diesel,nein,129,150000,109,8000
mercedes_benz,e_klasse,limousine,manuell,benzin,nein,170,150000,217,2599
skoda,octavia,kombi,manuell,diesel,nein,110,150000,194,2650
volkswagen,phaeton,limousine,automatik,diesel,nein,224,150000,114,6800
ford,fiesta,kleinwagen,manuell,benzin,nein,69,150000,145,2410
mercedes_benz,c_klasse,kombi,automatik,diesel,nein,170,150000,86,14900
mercedes_benz,vito,kombi,manuell,diesel,nein,122,150000,167,2100
peugeot,2_reihe,cabrio,manuell,benzin,nein,109,150000,130,3500
peugeot,4_reihe,kombi,manuell,benzin,nein,158,150000,182,2250
bmw,x_reihe,limousine,manuell,diesel,nein,150,150000,119,10200
opel,corsa,kleinwagen,automatik,benzin,ja,80,125000,104,2800
honda,civic,limousine,manuell,benzin,nein,90,150000,177,1500
volkswagen,polo,kleinwagen,manuell,benzin,ja,60,125000,202,330
ford,focus,kombi,manuell,diesel,nein,116,150000,168,1320
bmw,1er,limousine,automatik,diesel,nein,143,150000,90,7500
volkswagen,golf,limousine,automatik,benzin,nein,150,100000,142,7000
seat,ibiza,limousine,manuell,benzin,nein,60,150000,188,899
volkswagen,transporter,bus,automatik,diesel,nein,179,150000,47,16500
porsche,boxster,cabrio,automatik,benzin,nein,265,10000,26,43900
audi,a5,coupe,automatik,diesel,nein,239,150000,76,21500
seat,cordoba,limousine,manuell,benzin,nein,75,150000,248,250
bmw,5er,limousine,automatik,diesel,nein,197,150000,92,11500
renault,clio,kleinwagen,automatik,benzin,nein,90,150000,201,1499
volkswagen,passat,kombi,manuell,diesel,nein,140,90000,29,14990
renault,megane,kombi,manuell,benzin,nein,104,150000,201,500
bmw,5er,kombi,automatik,diesel,nein,218,150000,137,5900
ford,fiesta,kleinwagen,manuell,diesel,nein,68,150000,159,2000
mercedes_benz,s_klasse,limousine,automatik,benzin,nein,272,150000,122,20500
volkswagen,golf,bus,manuell,diesel,nein,105,70000,54,12999
skoda,octavia,kombi,manuell,diesel,nein,140,150000,102,7000
toyota,verso,bus,manuell,diesel,nein,177,150000,99,5300
toyota,rav,suv,manuell,benzin,nein,150,80000,133,7900
ford,andere,coupe,manuell,benzin,nein,170,150000,184,2998
peugeot,3_reihe,kleinwagen,manuell,benzin,ja,81,150000,223,350
mercedes_benz,e_klasse,limousine,automatik,diesel,nein,122,150000,136,4499
ford,kuga,suv,manuell,diesel,nein,163,30000,21,25950
volkswagen,transporter,bus,manuell,diesel,ja,102,150000,225,5900
volkswagen,caddy,kombi,manuell,diesel,nein,102,70000,63,12900
ford,fiesta,kleinwagen,manuell,benzin,nein,60,125000,195,1199
nissan,qashqai,limousine,manuell,benzin,nein,117,70000,44,14800
mitsubishi,colt,kleinwagen,manuell,diesel,nein,95,150000,123,2499
opel,astra,coupe,manuell,benzin,nein,116,125000,180,1800
ford,fiesta,kleinwagen,manuell,benzin,nein,69,100000,142,2800
volkswagen,golf,kombi,manuell,diesel,nein,105,150000,100,4200
alfa_romeo,159,limousine,manuell,diesel,nein,150,150000,113,5500
ford,mondeo,kombi,manuell,diesel,nein,130,150000,135,850
suzuki,swift,kleinwagen,manuell,benzin,nein,92,90000,82,5900
peugeot,andere,andere,manuell,diesel,nein,122,125000,38,9600
renault,scenic,limousine,manuell,benzin,nein,135,5000,147,2799
bmw,1er,coupe,manuell,diesel,nein,177,150000,94,7100
citroen,andere,bus,manuell,diesel,nein,120,150000,63,6800
kia,picanto,kleinwagen,manuell,benzin,nein,65,50000,111,2300
rover,andere,kombi,automatik,benzin,ja,150,150000,173,2500
nissan,micra,kleinwagen,manuell,benzin,nein,65,40000,81,3999
mercedes_benz,e_klasse,limousine,automatik,benzin,nein,204,150000,222,3500
volkswagen,transporter,bus,manuell,diesel,nein,140,10000,11,44900
opel,zafira,bus,manuell,benzin,nein,125,150000,130,2600
volkswagen,sharan,bus,manuell,diesel,nein,116,150000,161,1950
porsche,boxster,cabrio,manuell,benzin,nein,220,150000,181,10450
smart,andere,cabrio,manuell,benzin,nein,71,5000,152,14000
bmw,5er,limousine,manuell,diesel,nein,231,150000,126,17000
bmw,3er,kombi,manuell,diesel,nein,143,150000,72,11599
renault,clio,kleinwagen,manuell,benzin,nein,75,125000,163,1690
mercedes_benz,e_klasse,cabrio,automatik,diesel,nein,231,80000,70,30600
ford,focus,kombi,manuell,benzin,nein,131,150000,205,1500
mercedes_benz,a_klasse,limousine,automatik,benzin,nein,95,150000,103,5990
renault,scenic,bus,manuell,benzin,nein,107,125000,189,1000
mercedes_benz,c_klasse,limousine,manuell,diesel,nein,170,125000,91,11900
bmw,3er,limousine,manuell,benzin,nein,105,150000,193,1400
bmw,z_reihe,cabrio,manuell,benzin,nein,117,150000,236,4700
renault,scenic,bus,manuell,benzin,nein,107,150000,202,1100
opel,vectra,limousine,automatik,benzin,nein,230,100000,124,6990
opel,corsa,kleinwagen,manuell,benzin,nein,75,150000,164,1400
fiat,stilo,kombi,manuell,benzin,nein,103,150000,138,3300
citroen,berlingo,kombi,manuell,benzin,nein,90,150000,199,1400
suzuki,swift,kleinwagen,manuell,benzin,nein,53,150000,225,98
toyota,avensis,kombi,manuell,benzin,nein,129,150000,154,3800
bmw,3er,kleinwagen,manuell,benzin,nein,102,150000,238,790
mercedes_benz,vito,bus,manuell,diesel,nein,82,150000,189,1450
opel,zafira,bus,manuell,diesel,nein,150,150000,126,5500
seat,alhambra,bus,manuell,diesel,nein,116,150000,148,3650
fiat,andere,cabrio,manuell,benzin,nein,131,125000,239,1999
smart,fortwo,cabrio,automatik,benzin,nein,84,150000,103,3999
honda,civic,coupe,manuell,benzin,nein,120,150000,180,1500
audi,a3,kombi,manuell,diesel,ja,143,150000,101,5600
citroen,c4,kombi,automatik,diesel,nein,136,125000,95,9500
bmw,1er,coupe,automatik,benzin,nein,306,40000,75,26500
renault,twingo,kleinwagen,manuell,benzin,nein,54,150000,244,710
audi,a4,limousine,manuell,benzin,nein,200,150000,131,7890
volkswagen,passat,kombi,manuell,benzin,ja,116,150000,247,100
opel,omega,kombi,manuell,benzin,nein,136,150000,219,1
mercedes_benz,slk,cabrio,manuell,benzin,nein,163,60000,110,14500
audi,a6,kombi,manuell,benzin,nein,209,100000,108,13990
jeep,grand,suv,automatik,diesel,nein,250,30000,30,46950
mercedes_benz,a_klasse,limousine,manuell,benzin,nein,136,20000,106,9490
bmw,3er,limousine,automatik,diesel,nein,163,150000,118,6700
volkswagen,passat,limousine,manuell,diesel,nein,101,150000,173,2990
mercedes_benz,c_klasse,limousine,automatik,benzin,nein,170,125000,177,4500
bmw,3er,limousine,automatik,diesel,nein,177,125000,100,12000
mini,one,kleinwagen,manuell,benzin,nein,102,10000,8,16999
volkswagen,touareg,suv,automatik,diesel,nein,239,100000,87,10100
opel,andere,limousine,automatik,benzin,nein,90,90000,538,2900
ford,ka,kleinwagen,manuell,benzin,nein,60,150000,231,200
audi,a3,kleinwagen,manuell,benzin,nein,125,150000,241,1990
mercedes_benz,b_klasse,bus,manuell,benzin,nein,193,60000,71,13500
skoda,octavia,kombi,automatik,diesel,nein,105,150000,83,8999
bmw,3er,limousine,manuell,diesel,nein,131,150000,75,14000
audi,a4,kombi,manuell,diesel,nein,110,150000,230,1385
mercedes_benz,c_klasse,kombi,manuell,diesel,nein,146,150000,62,14430
volkswagen,golf,kleinwagen,manuell,benzin,nein,101,150000,199,1000
bmw,5er,limousine,manuell,benzin,ja,150,150000,223,3000
opel,vectra,kombi,automatik,diesel,nein,150,150000,136,3800
skoda,octavia,kombi,manuell,diesel,nein,105,40000,31,14900
jeep,grand,suv,automatik,benzin,nein,211,150000,251,3200
volkswagen,golf,cabrio,manuell,benzin,nein,90,150000,344,5699
bmw,5er,kombi,manuell,benzin,nein,150,150000,225,4950
audi,a4,limousine,manuell,benzin,nein,125,150000,239,700
volkswagen,golf,limousine,manuell,benzin,nein,150,150000,160,4590
mercedes_benz,slk,cabrio,manuell,benzin,nein,193,150000,202,6900
mercedes_benz,a_klasse,limousine,automatik,benzin,nein,116,150000,109,4000
seat,ibiza,kleinwagen,automatik,benzin,nein,179,80000,65,10900
volkswagen,golf,limousine,manuell,benzin,nein,75,150000,239,600
ford,fiesta,kleinwagen,manuell,diesel,nein,67,150000,163,1250
volkswagen,polo,kombi,manuell,benzin,ja,60,150000,186,750
peugeot,2_reihe,cabrio,manuell,benzin,nein,106,70000,126,5800
mercedes_benz,clk,coupe,manuell,benzin,nein,170,150000,168,6000
skoda,fabia,kleinwagen,manuell,benzin,nein,69,20000,84,5990
bmw,3er,coupe,manuell,benzin,nein,105,150000,195,800
saab,andere,kombi,manuell,benzin,nein,150,150000,127,4250
mercedes_benz,c_klasse,limousine,manuell,benzin,nein,180,150000,172,2850
opel,corsa,kleinwagen,manuell,benzin,nein,60,150000,113,2800
bmw,3er,cabrio,manuell,benzin,nein,113,150000,295,4750
bmw,m_reihe,limousine,manuell,benzin,nein,320,40000,38,28250
mercedes_benz,c_klasse,kombi,automatik,benzin,nein,163,150000,126,7400
volkswagen,polo,kleinwagen,manuell,benzin,nein,80,125000,113,4250
smart,roadster,cabrio,automatik,benzin,nein,82,125000,151,4000
ford,fiesta,kleinwagen,manuell,benzin,nein,101,40000,17,12800
skoda,octavia,kombi,manuell,diesel,nein,150,50000,28,18500
lancia,ypsilon,kleinwagen,manuell,benzin,nein,85,150000,184,300
mercedes_benz,a_klasse,limousine,automatik,diesel,nein,95,150000,145,3280
volkswagen,golf,kombi,automatik,benzin,nein,160,125000,60,12950
volkswagen,polo,kleinwagen,manuell,benzin,ja,64,80000,163,1450
peugeot,2_reihe,kleinwagen,manuell,benzin,nein,75,125000,104,3200
renault,scenic,bus,manuell,benzin,nein,107,150000,188,1200
mercedes_benz,andere,coupe,manuell,benzin,nein,163,100000,179,4800
audi,tt,coupe,manuell,benzin,nein,160,50000,42,21800
ford,focus,kombi,manuell,diesel,nein,90,150000,193,1450
volkswagen,passat,limousine,manuell,benzin,nein,125,150000,228,2200
bmw,3er,cabrio,manuell,benzin,nein,231,150000,167,11000
volkswagen,golf,kleinwagen,manuell,benzin,ja,75,150000,137,2800
chevrolet,andere,suv,automatik,lpg,ja,276,150000,150,4200
mitsubishi,galant,kombi,manuell,benzin,nein,136,150000,218,550
daewoo,matiz,kleinwagen,manuell,benzin,nein,52,125000,150,1250
bmw,5er,kombi,automatik,diesel,nein,235,150000,94,15900
hyundai,i_reihe,limousine,manuell,benzin,nein,109,125000,84,4499
audi,andere,cabrio,automatik,benzin,nein,344,125000,95,17000
volkswagen,beetle,cabrio,manuell,benzin,nein,102,70000,147,7350
bmw,5er,kombi,manuell,diesel,nein,177,100000,71,15900
subaru,impreza,limousine,manuell,benzin,nein,349,40000,98,23000
toyota,andere,limousine,automatik,hybrid,nein,100,150000,102,5750
opel,corsa,kleinwagen,manuell,benzin,nein,58,125000,167,1500
citroen,c4,bus,manuell,benzin,nein,120,80000,57,9300
volkswagen,transporter,bus,automatik,diesel,nein,179,150000,65,29700
skoda,fabia,kombi,manuell,benzin,nein,69,150000,86,3700
peugeot,2_reihe,cabrio,manuell,benzin,nein,110,150000,131,2699
volkswagen,polo,kleinwagen,manuell,benzin,nein,75,150000,125,3200
bmw,5er,limousine,automatik,diesel,nein,299,90000,54,31500
skoda,octavia,kombi,manuell,diesel,ja,110,150000,209,599
volkswagen,polo,kleinwagen,manuell,benzin,nein,80,125000,89,5500
mercedes_benz,e_klasse,kombi,manuell,diesel,nein,72,150000,394,6990
peugeot,2_reihe,cabrio,manuell,benzin,nein,109,50000,122,4900
daihatsu,sirion,limousine,manuell,benzin,ja,102,150000,187,400
opel,combo,andere,manuell,diesel,ja,90,150000,51,4500
opel,astra,kombi,manuell,benzin,nein,75,150000,198,1799
mitsubishi,colt,limousine,manuell,benzin,nein,75,150000,199,800
mercedes_benz,a_klasse,limousine,manuell,diesel,nein,95,150000,131,3999
audi,a3,kombi,automatik,benzin,nein,150,150000,136,9100
bmw,7er,limousine,manuell,benzin,nein,218,150000,267,2000
opel,signum,kombi,automatik,diesel,nein,150,125000,117,5900
audi,a2,kleinwagen,manuell,benzin,nein,75,150000,167,2300
volkswagen,golf,coupe,manuell,benzin,nein,179,100000,175,11500
skoda,octavia,limousine,manuell,benzin,nein,116,150000,199,1700
chrysler,crossfire,cabrio,manuell,benzin,nein,218,70000,99,12990
volkswagen,polo,kleinwagen,manuell,diesel,nein,75,150000,79,5799
bmw,3er,kombi,manuell,diesel,nein,150,150000,153,4000
ford,ka,kleinwagen,manuell,benzin,nein,60,150000,165,500
ford,fiesta,kleinwagen,manuell,diesel,nein,65,150000,143,1850
volkswagen,polo,kleinwagen,manuell,benzin,nein,60,150000,205,950
mercedes_benz,e_klasse,limousine,manuell,benzin,nein,105,150000,334,6900
citroen,c3,cabrio,manuell,benzin,nein,73,70000,135,3950
bmw,3er,limousine,manuell,benzin,nein,237,150000,228,12900
opel,vectra,limousine,manuell,benzin,nein,101,150000,208,1799
skoda,fabia,kleinwagen,manuell,benzin,nein,105,80000,45,8500
volkswagen,passat,kombi,automatik,diesel,nein,90,150000,199,1399
peugeot,3_reihe,kombi,manuell,diesel,ja,109,150000,129,1000
smart,fortwo,cabrio,automatik,benzin,nein,71,80000,83,5500
suzuki,andere,kleinwagen,manuell,benzin,nein,68,30000,61,5400
mercedes_benz,clk,coupe,automatik,diesel,nein,170,150000,159,7350
bmw,3er,limousine,manuell,diesel,nein,200,150000,138,7999
porsche,andere,coupe,manuell,benzin,nein,295,150000,122,24400
mercedes_benz,a_klasse,limousine,manuell,benzin,nein,116,150000,137,2590
mercedes_benz,andere,coupe,automatik,benzin,nein,179,150000,288,5400
mercedes_benz,a_klasse,limousine,automatik,diesel,nein,109,125000,109,6600
opel,agila,kleinwagen,manuell,benzin,nein,58,150000,151,1000
volkswagen,golf,kleinwagen,automatik,benzin,nein,101,150000,201,2400
dacia,duster,suv,manuell,benzin,nein,105,30000,20,9999
citroen,andere,bus,manuell,diesel,nein,120,150000,65,5100
audi,a6,kombi,automatik,diesel,nein,245,70000,46,15000
peugeot,3_reihe,cabrio,manuell,benzin,nein,140,150000,121,5400
bmw,3er,kombi,manuell,benzin,nein,116,150000,230,1650
fiat,stilo,kombi,manuell,benzin,nein,103,150000,158,700
opel,zafira,bus,manuell,benzin,nein,101,150000,153,1995
opel,vectra,limousine,manuell,benzin,nein,136,150000,227,750
ford,ka,cabrio,manuell,benzin,nein,95,90000,121,3200
audi,a4,limousine,manuell,benzin,nein,101,150000,253,1800
bmw,3er,cabrio,manuell,benzin,nein,143,150000,156,7450
bmw,x_reihe,limousine,manuell,diesel,nein,150,125000,109,16400
mercedes_benz,e_klasse,limousine,automatik,diesel,nein,170,150000,57,17700
mercedes_benz,c_klasse,limousine,automatik,benzin,nein,129,150000,183,2400
ford,mondeo,kombi,manuell,benzin,ja,116,150000,191,490
opel,corsa,kleinwagen,manuell,benzin,nein,60,150000,220,550
opel,astra,limousine,manuell,diesel,nein,80,125000,153,3800
renault,kangoo,bus,manuell,diesel,nein,82,150000,150,1799
bmw,5er,limousine,manuell,benzin,nein,150,150000,231,1890
renault,clio,kleinwagen,manuell,benzin,nein,54,80000,276,600
toyota,avensis,kombi,manuell,diesel,ja,177,150000,130,1900
volkswagen,tiguan,suv,manuell,benzin,nein,122,30000,33,16960
volkswagen,caddy,kombi,manuell,benzin,nein,102,150000,104,6250
mercedes_benz,glk,suv,automatik,diesel,nein,231,70000,54,26500
kia,sorento,suv,automatik,benzin,nein,194,150000,143,5300
citroen,c4,limousine,manuell,diesel,nein,111,80000,64,7500
volkswagen,passat,coupe,automatik,benzin,nein,299,125000,92,14400
volkswagen,golf,kleinwagen,manuell,benzin,nein,105,150000,186,2100
rover,andere,kleinwagen,manuell,benzin,ja,75,150000,210,249
subaru,forester,kombi,manuell,lpg,nein,116,125000,105,7150
audi,a3,kombi,manuell,benzin,nein,110,20000,16,20900
bmw,7er,limousine,automatik,benzin,ja,326,150000,193,5800
bmw,3er,kombi,manuell,diesel,nein,150,150000,167,5500
volkswagen,andere,coupe,manuell,benzin,nein,54,125000,579,25345
volkswagen,polo,kleinwagen,manuell,benzin,nein,80,100000,99,4950
peugeot,andere,bus,manuell,diesel,nein,99,5000,3,17800
audi,a4,limousine,manuell,benzin,nein,160,100000,94,10900
volkswagen,golf,limousine,manuell,diesel,nein,140,150000,104,12500
bmw,5er,limousine,automatik,diesel,nein,177,125000,90,13000
mercedes_benz,e_klasse,limousine,automatik,benzin,nein,194,125000,427,7900
volkswagen,golf,limousine,automatik,benzin,nein,101,150000,186,2200
mercedes_benz,c_klasse,kombi,manuell,lpg,nein,170,150000,156,3300
volkswagen,golf,limousine,manuell,diesel,nein,101,150000,149,2500
audi,a6,limousine,manuell,diesel,nein,179,150000,125,6300
audi,a4,limousine,manuell,diesel,nein,177,150000,48,10000
jeep,grand,suv,automatik,diesel,nein,163,90000,150,9000
mitsubishi,colt,limousine,manuell,benzin,nein,75,150000,217,1390
volvo,v50,kombi,manuell,diesel,nein,136,150000,112,4200
skoda,fabia,kleinwagen,manuell,benzin,nein,105,50000,55,9299
mazda,mx_reihe,cabrio,manuell,benzin,nein,110,80000,156,6399
audi,a8,limousine,manuell,benzin,nein,193,150000,192,8500
ford,mondeo,limousine,manuell,benzin,nein,145,150000,152,1900
ford,fiesta,kleinwagen,manuell,benzin,nein,60,80000,85,5600
smart,fortwo,cabrio,manuell,benzin,nein,61,100000,159,3300
bmw,5er,kombi,automatik,diesel,nein,258,5000,13,51000
opel,astra,limousine,manuell,benzin,nein,85,90000,177,3000
mercedes_benz,e_klasse,kombi,automatik,benzin,nein,279,150000,207,2100
volkswagen,up,kleinwagen,manuell,benzin,nein,60,50000,41,6299
volkswagen,passat,kombi,manuell,diesel,nein,140,50000,24,18500
renault,kangoo,kombi,manuell,benzin,ja,95,150000,162,1300
volkswagen,sharan,bus,manuell,diesel,nein,140,150000,107,7777
opel,meriva,bus,manuell,benzin,nein,87,150000,149,2000
bmw,5er,limousine,automatik,benzin,nein,177,30000,120,10999
mercedes_benz,e_klasse,kombi,automatik,benzin,ja,179,150000,298,1999
volkswagen,passat,kombi,manuell,diesel,nein,136,150000,129,3999
ford,focus,kombi,automatik,diesel,nein,110,125000,68,6490
porsche,andere,coupe,automatik,benzin,nein,310,150000,383,4490
land_rover,discovery,suv,automatik,diesel,nein,256,20000,24,50950
ford,s_max,bus,manuell,diesel,nein,175,150000,89,7299
ford,andere,limousine,manuell,benzin,nein,96,60000,434,5500
volvo,andere,limousine,manuell,benzin,nein,116,150000,214,1500
bmw,7er,limousine,automatik,benzin,nein,326,150000,255,1199
volkswagen,golf,limousine,manuell,benzin,nein,122,150000,96,6199
volkswagen,touran,bus,manuell,diesel,ja,105,150000,138,4900
citroen,c3,kleinwagen,manuell,benzin,nein,73,90000,90,4000
renault,andere,bus,manuell,diesel,nein,114,150000,112,3050
fiat,andere,limousine,manuell,benzin,ja,103,150000,220,450
opel,astra,limousine,automatik,benzin,nein,116,150000,193,1400
volvo,c_reihe,cabrio,manuell,diesel,nein,136,150000,95,12400
bmw,3er,kombi,manuell,benzin,nein,170,90000,93,8900
ford,ka,kleinwagen,manuell,benzin,nein,54,125000,153,799
audi,a5,coupe,manuell,benzin,nein,211,125000,77,20990
bmw,5er,kombi,automatik,diesel,nein,163,150000,183,3700
mercedes_benz,v_klasse,bus,automatik,diesel,nein,122,150000,173,5500
renault,clio,kleinwagen,manuell,benzin,nein,98,100000,161,2350
bmw,3er,cabrio,manuell,benzin,nein,231,125000,172,5200
volkswagen,scirocco,coupe,manuell,benzin,nein,160,50000,44,15700
bmw,3er,kombi,manuell,diesel,nein,163,150000,167,2550
mercedes_benz,m_klasse,suv,automatik,diesel,nein,250,150000,125,9999
opel,corsa,kleinwagen,automatik,benzin,nein,75,125000,157,2200
fiat,punto,cabrio,manuell,benzin,nein,86,125000,216,1790
audi,tt,cabrio,manuell,benzin,nein,150,150000,167,6100
nissan,primera,limousine,manuell,benzin,nein,99,125000,217,1400
renault,megane,kombi,manuell,benzin,nein,116,90000,122,4190
volkswagen,passat,kombi,manuell,diesel,nein,140,150000,118,5250
volkswagen,golf,limousine,manuell,diesel,nein,105,150000,148,3750
volkswagen,golf,limousine,manuell,benzin,nein,90,150000,248,1600
ford,focus,limousine,manuell,benzin,nein,226,125000,117,8495
skoda,fabia,kleinwagen,manuell,benzin,nein,86,50000,65,7820
mercedes_benz,slk,cabrio,automatik,benzin,nein,231,100000,129,14200
audi,a3,kombi,manuell,benzin,nein,200,70000,90,18000
ford,ka,kleinwagen,manuell,benzin,nein,60,60000,189,1000
audi,a4,kombi,manuell,diesel,nein,115,150000,217,2900
toyota,yaris,kleinwagen,manuell,benzin,nein,87,150000,162,1650
citroen,c5,kombi,automatik,benzin,nein,140,150000,90,4950
volkswagen,polo,kleinwagen,manuell,benzin,nein,55,125000,112,3899
opel,astra,cabrio,manuell,benzin,nein,140,60000,105,6300
bmw,3er,limousine,manuell,benzin,nein,140,150000,216,2555
mercedes_benz,e_klasse,kombi,automatik,diesel,nein,204,150000,145,4950
mazda,rx_reihe,andere,manuell,benzin,nein,190,80000,130,6600
bmw,3er,cabrio,manuell,benzin,nein,150,150000,232,2800
nissan,micra,kleinwagen,manuell,diesel,nein,68,150000,124,1900
toyota,aygo,kleinwagen,manuell,benzin,nein,68,80000,96,2950
volkswagen,golf,kleinwagen,manuell,benzin,nein,75,150000,232,390
renault,clio,kleinwagen,manuell,benzin,ja,75,150000,174,1250
mercedes_benz,a_klasse,limousine,manuell,benzin,nein,82,150000,187,2000
volkswagen,passat,limousine,manuell,benzin,nein,90,150000,287,999
smart,fortwo,cabrio,automatik,benzin,nein,84,5000,11,17900
nissan,almera,limousine,manuell,benzin,nein,75,90000,229,1200
bmw,1er,limousine,manuell,diesel,nein,143,40000,53,13999
volkswagen,cc,coupe,automatik,benzin,ja,299,100000,70,8790
bmw,1er,cabrio,manuell,benzin,nein,143,70000,82,13900
audi,a1,kleinwagen,manuell,benzin,nein,86,30000,23,15000
volkswagen,golf,kombi,manuell,diesel,ja,90,80000,220,600
mazda,mx_reihe,cabrio,manuell,benzin,nein,126,100000,90,10550
ford,galaxy,bus,manuell,benzin,nein,140,150000,146,2000
volkswagen,polo,kleinwagen,manuell,diesel,nein,75,125000,60,7900
bmw,1er,coupe,manuell,benzin,nein,122,100000,84,4999
rover,andere,limousine,manuell,benzin,nein,75,150000,214,700
bmw,1er,limousine,manuell,diesel,nein,143,125000,52,13000
bmw,x_reihe,limousine,automatik,diesel,nein,235,125000,78,21900
opel,astra,kombi,manuell,benzin,nein,140,40000,45,16990
bmw,3er,kombi,manuell,diesel,nein,150,150000,172,5150
skoda,fabia,kombi,manuell,benzin,nein,105,40000,66,8200
volkswagen,golf,kombi,manuell,benzin,nein,160,100000,73,13990
audi,a8,limousine,automatik,diesel,nein,232,125000,88,18000
mazda,6_reihe,kombi,manuell,diesel,ja,143,150000,102,1500
mazda,mx_reihe,coupe,manuell,benzin,nein,88,150000,289,1039
opel,astra,cabrio,manuell,benzin,nein,192,150000,159,3500
porsche,911,coupe,automatik,benzin,nein,301,150000,220,17500
bmw,3er,cabrio,manuell,benzin,nein,193,150000,203,6700
audi,andere,coupe,manuell,benzin,ja,113,150000,307,2000
renault,megane,cabrio,manuell,diesel,nein,131,150000,120,5129
volkswagen,golf,limousine,manuell,diesel,nein,140,125000,136,6890
bmw,5er,limousine,manuell,benzin,nein,190,150000,90,9000
volkswagen,bora,kombi,manuell,diesel,nein,131,150000,165,2599
skoda,octavia,kombi,manuell,benzin,nein,150,150000,131,7099
bmw,3er,limousine,manuell,benzin,nein,102,150000,225,699
volkswagen,golf,limousine,manuell,diesel,nein,170,125000,92,8800
mercedes_benz,c_klasse,kombi,automatik,benzin,nein,184,125000,98,14999
volkswagen,golf,limousine,automatik,diesel,nein,150,60000,33,19850
fiat,punto,kleinwagen,manuell,benzin,nein,60,150000,150,1240
nissan,andere,limousine,manuell,benzin,nein,75,100000,385,1350
opel,astra,limousine,manuell,benzin,nein,84,50000,155,2900
opel,vectra,limousine,manuell,diesel,nein,125,150000,161,1600
opel,corsa,kleinwagen,manuell,benzin,nein,75,150000,143,1899
citroen,c3,cabrio,manuell,benzin,nein,73,40000,67,7500
volkswagen,passat,limousine,manuell,benzin,nein,95,150000,233,900
audi,a6,kombi,manuell,diesel,nein,140,150000,122,6350
ford,mondeo,limousine,manuell,diesel,nein,131,150000,145,3600
bmw,1er,limousine,manuell,benzin,nein,122,80000,88,8000
audi,a4,kombi,manuell,diesel,nein,131,150000,138,6600
peugeot,andere,kleinwagen,manuell,benzin,nein,200,40000,19,15000
chevrolet,andere,kombi,manuell,benzin,nein,140,30000,31,13499
bmw,1er,limousine,manuell,diesel,nein,177,150000,104,9600
skoda,fabia,kombi,manuell,benzin,nein,116,150000,124,2399
audi,a5,coupe,manuell,benzin,nein,179,80000,82,14200
renault,modus,andere,automatik,benzin,nein,111,20000,54,8999
bmw,3er,limousine,manuell,diesel,nein,163,100000,58,15350
bmw,5er,kombi,manuell,diesel,nein,166,150000,70,10800
citroen,berlingo,bus,manuell,diesel,nein,90,150000,53,6100
volkswagen,golf,limousine,manuell,benzin,nein,75,60000,226,980
volkswagen,passat,kombi,manuell,diesel,nein,131,150000,171,4199
audi,a8,limousine,automatik,benzin,nein,334,150000,157,10900
mercedes_benz,sprinter,bus,manuell,diesel,nein,109,150000,103,6800
bmw,5er,limousine,automatik,diesel,nein,204,90000,69,11000
skoda,octavia,kombi,manuell,diesel,nein,105,100000,93,7500
fiat,punto,kleinwagen,manuell,benzin,ja,60,150000,188,600
mercedes_benz,e_klasse,limousine,automatik,benzin,nein,170,150000,200,3950
audi,a3,limousine,manuell,diesel,nein,184,30000,14,33499
audi,a5,coupe,automatik,diesel,nein,239,80000,64,24750
peugeot,2_reihe,kleinwagen,manuell,benzin,nein,88,125000,147,2650
seat,ibiza,kleinwagen,manuell,benzin,nein,86,125000,104,4450
bmw,1er,limousine,manuell,diesel,nein,122,125000,123,8000
bmw,1er,coupe,automatik,diesel,nein,177,150000,67,14499
ford,fiesta,kleinwagen,manuell,benzin,ja,70,90000,146,1780
mercedes_benz,c_klasse,kombi,manuell,benzin,nein,122,150000,216,1500
opel,agila,kleinwagen,manuell,benzin,nein,80,20000,113,5750
volkswagen,touareg,suv,automatik,diesel,nein,224,150000,114,15700
porsche,andere,coupe,manuell,benzin,nein,150,150000,361,7924
audi,a4,limousine,automatik,benzin,nein,131,80000,172,4950
bmw,5er,limousine,automatik,diesel,nein,235,150000,100,12990
volkswagen,golf,limousine,manuell,benzin,nein,116,150000,137,3999
bmw,x_reihe,suv,automatik,diesel,nein,190,30000,20,42500
smart,fortwo,kleinwagen,automatik,benzin,nein,61,150000,101,2699
bmw,3er,limousine,manuell,benzin,nein,118,150000,198,2500
ford,mondeo,kombi,manuell,diesel,nein,155,90000,141,5450
ford,mondeo,kombi,manuell,benzin,nein,116,20000,229,350
volkswagen,polo,limousine,manuell,diesel,nein,80,150000,85,5200
audi,a4,kombi,manuell,benzin,ja,193,150000,230,3500
mitsubishi,andere,bus,manuell,benzin,nein,98,20000,131,4500
peugeot,2_reihe,kombi,manuell,diesel,nein,92,40000,29,14990
mercedes_benz,c_klasse,kombi,manuell,benzin,nein,163,150000,182,1900
bmw,x_reihe,limousine,manuell,diesel,nein,143,150000,67,12500
volkswagen,transporter,bus,manuell,diesel,nein,174,150000,109,23950
renault,twingo,kleinwagen,manuell,benzin,ja,75,150000,142,1100
porsche,911,coupe,manuell,benzin,nein,320,70000,165,42900
seat,leon,limousine,manuell,benzin,nein,140,30000,34,18600
audi,a6,kombi,automatik,diesel,nein,224,150000,123,8900
audi,a4,cabrio,automatik,benzin,nein,163,100000,129,10500
opel,astra,limousine,manuell,benzin,nein,116,150000,211,1550
mercedes_benz,s_klasse,limousine,automatik,diesel,nein,197,150000,171,5200
bmw,3er,coupe,manuell,benzin,nein,170,150000,193,2950
audi,a4,limousine,manuell,benzin,nein,102,150000,142,4900
bmw,3er,kombi,manuell,diesel,nein,136,150000,177,2500
audi,a6,limousine,automatik,diesel,nein,155,150000,169,4990
honda,jazz,kleinwagen,manuell,benzin,nein,83,150000,166,2250
volkswagen,passat,kombi,manuell,diesel,nein,115,150000,194,1500
bmw,1er,limousine,manuell,diesel,nein,163,125000,116,7100
toyota,andere,kleinwagen,manuell,benzin,ja,75,125000,208,500
audi,a3,limousine,manuell,benzin,ja,101,150000,172,999
volkswagen,transporter,bus,manuell,diesel,nein,131,150000,124,5999
mercedes_benz,e_klasse,coupe,automatik,diesel,nein,204,100000,57,25000
bmw,5er,limousine,automatik,diesel,nein,177,150000,134,9599
mercedes_benz,viano,bus,automatik,diesel,nein,163,80000,46,25900
peugeot,2_reihe,kleinwagen,manuell,benzin,nein,75,150000,206,1350
renault,twingo,kleinwagen,manuell,benzin,nein,55,30000,47,6940
volkswagen,golf,limousine,manuell,benzin,nein,75,150000,208,1300
volkswagen,passat,kombi,manuell,diesel,ja,116,150000,189,1450
bmw,5er,limousine,manuell,benzin,nein,125,150000,387,3500
ford,andere,coupe,manuell,benzin,nein,125,150000,209,1200
audi,a3,limousine,manuell,benzin,nein,102,150000,150,3250
porsche,andere,coupe,manuell,benzin,nein,295,20000,107,35911
volkswagen,transporter,bus,manuell,diesel,nein,68,100000,175,3500
fiat,andere,bus,manuell,diesel,nein,128,150000,138,2800
dacia,duster,suv,manuell,diesel,nein,86,150000,69,5800
